{"cameraMode":{"drawMode":0,"name":"Shaded","section":"Shading Mode"},"sceneLighting":true,"audioPlay":false,"sceneViewState":{"m_AlwaysRefresh":false,"showFog":true,"showSkybox":true,"showFlares":true,"showImageEffects":true,"showParticleSystems":true,"showVisualEffectGraphs":true,"m_FxEnabled":true},"in2DMode":false,"pivot":{"x":2.491744041442871,"y":-7.295764923095703,"z":3.253038167953491},"rotation":{"x":0.014728170819580555,"y":0.7185714244842529,"z":-0.6952537894248962,"w":0.01581314392387867},"size":28.866188049316408,"orthographic":false}