{"cameraMode":{"drawMode":0,"name":"Shaded","section":"Shading Mode"},"sceneLighting":true,"audioPlay":false,"sceneViewState":{"m_AlwaysRefresh":false,"showFog":true,"showSkybox":true,"showFlares":true,"showImageEffects":true,"showParticleSystems":true,"showVisualEffectGraphs":true,"m_FxEnabled":true},"in2DMode":false,"pivot":{"x":-16.126768112182618,"y":0.05169134959578514,"z":3.973867416381836},"rotation":{"x":-0.024687254801392556,"y":0.9172176122665405,"z":-0.39412909746170046,"w":-0.05526953190565109},"size":13.8371000289917,"orthographic":false}