{"cameraMode":{"drawMode":0,"name":"Shaded","section":"Shading Mode"},"sceneLighting":true,"audioPlay":false,"sceneViewState":{"m_AlwaysRefresh":false,"showFog":true,"showSkybox":true,"showFlares":true,"showImageEffects":true,"showParticleSystems":true,"showVisualEffectGraphs":true,"m_FxEnabled":true},"in2DMode":false,"pivot":{"x":1.5996828079223633,"y":-10.48180866241455,"z":-1.427674651145935},"rotation":{"x":-0.000023196202164399438,"y":0.8215069770812988,"z":-0.5703821778297424,"w":0.0007601844845339656},"size":27.842321395874025,"orthographic":false}