{"cameraMode":{"drawMode":0,"name":"Shaded","section":"Shading Mode"},"sceneLighting":true,"audioPlay":false,"sceneViewState":{"m_AlwaysRefresh":false,"showFog":false,"showSkybox":false,"showFlares":true,"showImageEffects":true,"showParticleSystems":true,"showVisualEffectGraphs":true,"m_FxEnabled":true},"in2DMode":false,"pivot":{"x":-27.159229278564454,"y":-14.496185302734375,"z":19.535791397094728},"rotation":{"x":0.11993641406297684,"y":-0.5383822917938232,"z":0.07771497964859009,"w":0.8305349349975586},"size":26.299161911010743,"orthographic":false}